FileName,Caption,Hashtags,Status,PostedDate
reel_1.mp4,Nobody is coming to save you. Build yourself.,#motivation #mindset #discipline #success #selfimprovement #growth,No,
reel_2.mp4,Discipline will take you where motivation can't.,#motivation #mindset #discipline #success #selfimprovement #growth,No,
reel_3.mp4,Small progress every day creates big results.,#motivation #mindset #discipline #success #selfimprovement #growth,No,
reel_4.mp4,Success starts when excuses end.,#motivation #mindset #discipline #success #selfimprovement #growth,No,
reel_5.mp4,Your future depends on what you do today.,#motivation #mindset #discipline #success #selfimprovement #growth,No,
reel_6.mp4,Stay focused. Stay hungry. Stay humble.,#motivation #mindset #discipline #success #selfimprovement #growth,No,
reel_7.mp4,"Dream big, work bigger.",#motivation #mindset #discipline #success #selfimprovement #growth,No,
reel_8.mp4,Consistency beats intensity.,#motivation #mindset #discipline #success #selfimprovement #growth,No,
reel_9.mp4,Stop waiting. Start building.,#motivation #mindset #discipline #success #selfimprovement #growth,No,
reel_10.mp4,The pain of regret hurts more than hard work.,#motivation #mindset #discipline #success #selfimprovement #growth,No,
reel_11.mp4,Become obsessed with improving yourself.,#motivation #mindset #discipline #success #selfimprovement #growth,No,
reel_12.mp4,Comfort is the enemy of growth.,#motivation #mindset #discipline #success #selfimprovement #growth,No,
reel_13.mp4,Discipline is freedom.,#motivation #mindset #discipline #success #selfimprovement #growth,No,
reel_14.mp4,Every expert was once a beginner.,#motivation #mindset #discipline #success #selfimprovement #growth,No,
reel_15.mp4,Hard days create strong people.,#motivation #mindset #discipline #success #selfimprovement #growth,No,
reel_16.mp4,Win in silence and let success make the noise.,#motivation #mindset #discipline #success #selfimprovement #growth,No,
reel_17.mp4,"Focus on progress, not perfection.",#motivation #mindset #discipline #success #selfimprovement #growth,No,
reel_18.mp4,Be stronger than your excuses.,#motivation #mindset #discipline #success #selfimprovement #growth,No,
reel_19.mp4,Your habits decide your future.,#motivation #mindset #discipline #success #selfimprovement #growth,No,
reel_20.mp4,"Success is earned, not given.",#motivation #mindset #discipline #success #selfimprovement #growth,No,
reel_21.mp4,Nobody is coming to save you. Build yourself.,#motivation #mindset #discipline #success #selfimprovement #growth,No,
reel_22.mp4,Discipline will take you where motivation can't.,#motivation #mindset #discipline #success #selfimprovement #growth,No,
reel_23.mp4,Small progress every day creates big results.,#motivation #mindset #discipline #success #selfimprovement #growth,No,
reel_24.mp4,Success starts when excuses end.,#motivation #mindset #discipline #success #selfimprovement #growth,No,
reel_25.mp4,Your future depends on what you do today.,#motivation #mindset #discipline #success #selfimprovement #growth,No,
reel_26.mp4,Stay focused. Stay hungry. Stay humble.,#motivation #mindset #discipline #success #selfimprovement #growth,No,
reel_27.mp4,"Dream big, work bigger.",#motivation #mindset #discipline #success #selfimprovement #growth,No,
reel_28.mp4,Consistency beats intensity.,#motivation #mindset #discipline #success #selfimprovement #growth,No,
reel_29.mp4,Stop waiting. Start building.,#motivation #mindset #discipline #success #selfimprovement #growth,No,
reel_30.mp4,The pain of regret hurts more than hard work.,#motivation #mindset #discipline #success #selfimprovement #growth,No,
reel_31.mp4,Become obsessed with improving yourself.,#motivation #mindset #discipline #success #selfimprovement #growth,No,
reel_32.mp4,Comfort is the enemy of growth.,#motivation #mindset #discipline #success #selfimprovement #growth,No,
reel_33.mp4,Discipline is freedom.,#motivation #mindset #discipline #success #selfimprovement #growth,No,
reel_34.mp4,Every expert was once a beginner.,#motivation #mindset #discipline #success #selfimprovement #growth,No,
reel_35.mp4,Hard days create strong people.,#motivation #mindset #discipline #success #selfimprovement #growth,No,
reel_36.mp4,Win in silence and let success make the noise.,#motivation #mindset #discipline #success #selfimprovement #growth,No,
reel_37.mp4,"Focus on progress, not perfection.",#motivation #mindset #discipline #success #selfimprovement #growth,No,
reel_38.mp4,Be stronger than your excuses.,#motivation #mindset #discipline #success #selfimprovement #growth,No,
reel_39.mp4,Your habits decide your future.,#motivation #mindset #discipline #success #selfimprovement #growth,No,
reel_40.mp4,"Success is earned, not given.",#motivation #mindset #discipline #success #selfimprovement #growth,No,
reel_41.mp4,Nobody is coming to save you. Build yourself.,#motivation #mindset #discipline #success #selfimprovement #growth,No,
reel_42.mp4,Discipline will take you where motivation can't.,#motivation #mindset #discipline #success #selfimprovement #growth,No,
reel_43.mp4,Small progress every day creates big results.,#motivation #mindset #discipline #success #selfimprovement #growth,No,
reel_44.mp4,Success starts when excuses end.,#motivation #mindset #discipline #success #selfimprovement #growth,No,
reel_45.mp4,Your future depends on what you do today.,#motivation #mindset #discipline #success #selfimprovement #growth,No,
reel_46.mp4,Stay focused. Stay hungry. Stay humble.,#motivation #mindset #discipline #success #selfimprovement #growth,No,
reel_47.mp4,"Dream big, work bigger.",#motivation #mindset #discipline #success #selfimprovement #growth,No,
reel_48.mp4,Consistency beats intensity.,#motivation #mindset #discipline #success #selfimprovement #growth,No,
reel_49.mp4,Stop waiting. Start building.,#motivation #mindset #discipline #success #selfimprovement #growth,No,
reel_50.mp4,The pain of regret hurts more than hard work.,#motivation #mindset #discipline #success #selfimprovement #growth,No,
reel_51.mp4,Become obsessed with improving yourself.,#motivation #mindset #discipline #success #selfimprovement #growth,No,
reel_52.mp4,Comfort is the enemy of growth.,#motivation #mindset #discipline #success #selfimprovement #growth,No,
reel_53.mp4,Discipline is freedom.,#motivation #mindset #discipline #success #selfimprovement #growth,No,
reel_54.mp4,Every expert was once a beginner.,#motivation #mindset #discipline #success #selfimprovement #growth,No,
reel_55.mp4,Hard days create strong people.,#motivation #mindset #discipline #success #selfimprovement #growth,No,
reel_56.mp4,Win in silence and let success make the noise.,#motivation #mindset #discipline #success #selfimprovement #growth,No,
reel_57.mp4,"Focus on progress, not perfection.",#motivation #mindset #discipline #success #selfimprovement #growth,No,
reel_58.mp4,Be stronger than your excuses.,#motivation #mindset #discipline #success #selfimprovement #growth,No,
reel_59.mp4,Your habits decide your future.,#motivation #mindset #discipline #success #selfimprovement #growth,No,
reel_60.mp4,"Success is earned, not given.",#motivation #mindset #discipline #success #selfimprovement #growth,No,
reel_61.mp4,Nobody is coming to save you. Build yourself.,#motivation #mindset #discipline #success #selfimprovement #growth,No,
reel_62.mp4,Discipline will take you where motivation can't.,#motivation #mindset #discipline #success #selfimprovement #growth,No,
reel_63.mp4,Small progress every day creates big results.,#motivation #mindset #discipline #success #selfimprovement #growth,No,
reel_64.mp4,Success starts when excuses end.,#motivation #mindset #discipline #success #selfimprovement #growth,No,
reel_65.mp4,Your future depends on what you do today.,#motivation #mindset #discipline #success #selfimprovement #growth,No,
reel_66.mp4,Stay focused. Stay hungry. Stay humble.,#motivation #mindset #discipline #success #selfimprovement #growth,No,
reel_67.mp4,"Dream big, work bigger.",#motivation #mindset #discipline #success #selfimprovement #growth,No,
reel_68.mp4,Consistency beats intensity.,#motivation #mindset #discipline #success #selfimprovement #growth,No,
reel_69.mp4,Stop waiting. Start building.,#motivation #mindset #discipline #success #selfimprovement #growth,No,
reel_70.mp4,The pain of regret hurts more than hard work.,#motivation #mindset #discipline #success #selfimprovement #growth,No,
reel_71.mp4,Become obsessed with improving yourself.,#motivation #mindset #discipline #success #selfimprovement #growth,No,
reel_72.mp4,Comfort is the enemy of growth.,#motivation #mindset #discipline #success #selfimprovement #growth,No,
reel_73.mp4,Discipline is freedom.,#motivation #mindset #discipline #success #selfimprovement #growth,No,
reel_74.mp4,Every expert was once a beginner.,#motivation #mindset #discipline #success #selfimprovement #growth,No,
reel_75.mp4,Hard days create strong people.,#motivation #mindset #discipline #success #selfimprovement #growth,No,
reel_76.mp4,Win in silence and let success make the noise.,#motivation #mindset #discipline #success #selfimprovement #growth,No,
reel_77.mp4,"Focus on progress, not perfection.",#motivation #mindset #discipline #success #selfimprovement #growth,No,
reel_78.mp4,Be stronger than your excuses.,#motivation #mindset #discipline #success #selfimprovement #growth,No,
reel_79.mp4,Your habits decide your future.,#motivation #mindset #discipline #success #selfimprovement #growth,No,
reel_80.mp4,"Success is earned, not given.",#motivation #mindset #discipline #success #selfimprovement #growth,No,
reel_81.mp4,Nobody is coming to save you. Build yourself.,#motivation #mindset #discipline #success #selfimprovement #growth,No,
reel_82.mp4,Discipline will take you where motivation can't.,#motivation #mindset #discipline #success #selfimprovement #growth,No,
reel_83.mp4,Small progress every day creates big results.,#motivation #mindset #discipline #success #selfimprovement #growth,No,
reel_84.mp4,Success starts when excuses end.,#motivation #mindset #discipline #success #selfimprovement #growth,No,
reel_85.mp4,Your future depends on what you do today.,#motivation #mindset #discipline #success #selfimprovement #growth,No,
reel_86.mp4,Stay focused. Stay hungry. Stay humble.,#motivation #mindset #discipline #success #selfimprovement #growth,No,
reel_87.mp4,"Dream big, work bigger.",#motivation #mindset #discipline #success #selfimprovement #growth,No,
reel_88.mp4,Consistency beats intensity.,#motivation #mindset #discipline #success #selfimprovement #growth,No,
reel_89.mp4,Stop waiting. Start building.,#motivation #mindset #discipline #success #selfimprovement #growth,No,
reel_90.mp4,The pain of regret hurts more than hard work.,#motivation #mindset #discipline #success #selfimprovement #growth,No,
reel_91.mp4,Become obsessed with improving yourself.,#motivation #mindset #discipline #success #selfimprovement #growth,No,
reel_92.mp4,Comfort is the enemy of growth.,#motivation #mindset #discipline #success #selfimprovement #growth,No,
reel_93.mp4,Discipline is freedom.,#motivation #mindset #discipline #success #selfimprovement #growth,No,
reel_94.mp4,Every expert was once a beginner.,#motivation #mindset #discipline #success #selfimprovement #growth,No,
reel_95.mp4,Hard days create strong people.,#motivation #mindset #discipline #success #selfimprovement #growth,No,
reel_96.mp4,Win in silence and let success make the noise.,#motivation #mindset #discipline #success #selfimprovement #growth,No,
reel_97.mp4,"Focus on progress, not perfection.",#motivation #mindset #discipline #success #selfimprovement #growth,No,
reel_98.mp4,Be stronger than your excuses.,#motivation #mindset #discipline #success #selfimprovement #growth,No,
reel_99.mp4,Your habits decide your future.,#motivation #mindset #discipline #success #selfimprovement #growth,No,
reel_100.mp4,"Success is earned, not given.",#motivation #mindset #discipline #success #selfimprovement #growth,No,
reel_101.mp4,Nobody is coming to save you. Build yourself.,#motivation #mindset #discipline #success #selfimprovement #growth,No,
reel_102.mp4,Discipline will take you where motivation can't.,#motivation #mindset #discipline #success #selfimprovement #growth,No,
reel_103.mp4,Small progress every day creates big results.,#motivation #mindset #discipline #success #selfimprovement #growth,No,
reel_104.mp4,Success starts when excuses end.,#motivation #mindset #discipline #success #selfimprovement #growth,No,
reel_105.mp4,Your future depends on what you do today.,#motivation #mindset #discipline #success #selfimprovement #growth,No,
reel_106.mp4,Stay focused. Stay hungry. Stay humble.,#motivation #mindset #discipline #success #selfimprovement #growth,No,
reel_107.mp4,"Dream big, work bigger.",#motivation #mindset #discipline #success #selfimprovement #growth,No,
reel_108.mp4,Consistency beats intensity.,#motivation #mindset #discipline #success #selfimprovement #growth,No,
reel_109.mp4,Stop waiting. Start building.,#motivation #mindset #discipline #success #selfimprovement #growth,No,
reel_110.mp4,The pain of regret hurts more than hard work.,#motivation #mindset #discipline #success #selfimprovement #growth,No,
reel_111.mp4,Become obsessed with improving yourself.,#motivation #mindset #discipline #success #selfimprovement #growth,No,
reel_112.mp4,Comfort is the enemy of growth.,#motivation #mindset #discipline #success #selfimprovement #growth,No,
reel_113.mp4,Discipline is freedom.,#motivation #mindset #discipline #success #selfimprovement #growth,No,
reel_114.mp4,Every expert was once a beginner.,#motivation #mindset #discipline #success #selfimprovement #growth,No,
reel_115.mp4,Hard days create strong people.,#motivation #mindset #discipline #success #selfimprovement #growth,No,
reel_116.mp4,Win in silence and let success make the noise.,#motivation #mindset #discipline #success #selfimprovement #growth,No,
reel_117.mp4,"Focus on progress, not perfection.",#motivation #mindset #discipline #success #selfimprovement #growth,No,
reel_118.mp4,Be stronger than your excuses.,#motivation #mindset #discipline #success #selfimprovement #growth,No,
reel_119.mp4,Your habits decide your future.,#motivation #mindset #discipline #success #selfimprovement #growth,No,
reel_120.mp4,"Success is earned, not given.",#motivation #mindset #discipline #success #selfimprovement #growth,No,
reel_121.mp4,Nobody is coming to save you. Build yourself.,#motivation #mindset #discipline #success #selfimprovement #growth,No,
reel_122.mp4,Discipline will take you where motivation can't.,#motivation #mindset #discipline #success #selfimprovement #growth,No,
reel_123.mp4,Small progress every day creates big results.,#motivation #mindset #discipline #success #selfimprovement #growth,No,
reel_124.mp4,Success starts when excuses end.,#motivation #mindset #discipline #success #selfimprovement #growth,No,
reel_125.mp4,Your future depends on what you do today.,#motivation #mindset #discipline #success #selfimprovement #growth,No,
reel_126.mp4,Stay focused. Stay hungry. Stay humble.,#motivation #mindset #discipline #success #selfimprovement #growth,No,
reel_127.mp4,"Dream big, work bigger.",#motivation #mindset #discipline #success #selfimprovement #growth,No,
reel_128.mp4,Consistency beats intensity.,#motivation #mindset #discipline #success #selfimprovement #growth,No,
reel_129.mp4,Stop waiting. Start building.,#motivation #mindset #discipline #success #selfimprovement #growth,No,
reel_130.mp4,The pain of regret hurts more than hard work.,#motivation #mindset #discipline #success #selfimprovement #growth,No,
reel_131.mp4,Become obsessed with improving yourself.,#motivation #mindset #discipline #success #selfimprovement #growth,No,
reel_132.mp4,Comfort is the enemy of growth.,#motivation #mindset #discipline #success #selfimprovement #growth,No,
reel_133.mp4,Discipline is freedom.,#motivation #mindset #discipline #success #selfimprovement #growth,No,
reel_134.mp4,Every expert was once a beginner.,#motivation #mindset #discipline #success #selfimprovement #growth,No,
reel_135.mp4,Hard days create strong people.,#motivation #mindset #discipline #success #selfimprovement #growth,No,
reel_136.mp4,Win in silence and let success make the noise.,#motivation #mindset #discipline #success #selfimprovement #growth,No,
reel_137.mp4,"Focus on progress, not perfection.",#motivation #mindset #discipline #success #selfimprovement #growth,No,
reel_138.mp4,Be stronger than your excuses.,#motivation #mindset #discipline #success #selfimprovement #growth,No,
reel_139.mp4,Your habits decide your future.,#motivation #mindset #discipline #success #selfimprovement #growth,No,
reel_140.mp4,"Success is earned, not given.",#motivation #mindset #discipline #success #selfimprovement #growth,No,
reel_141.mp4,Nobody is coming to save you. Build yourself.,#motivation #mindset #discipline #success #selfimprovement #growth,No,
reel_142.mp4,Discipline will take you where motivation can't.,#motivation #mindset #discipline #success #selfimprovement #growth,No,
reel_143.mp4,Small progress every day creates big results.,#motivation #mindset #discipline #success #selfimprovement #growth,No,
reel_144.mp4,Success starts when excuses end.,#motivation #mindset #discipline #success #selfimprovement #growth,No,
reel_145.mp4,Your future depends on what you do today.,#motivation #mindset #discipline #success #selfimprovement #growth,No,
reel_146.mp4,Stay focused. Stay hungry. Stay humble.,#motivation #mindset #discipline #success #selfimprovement #growth,No,
reel_147.mp4,"Dream big, work bigger.",#motivation #mindset #discipline #success #selfimprovement #growth,No,
reel_148.mp4,Consistency beats intensity.,#motivation #mindset #discipline #success #selfimprovement #growth,No,
reel_149.mp4,Stop waiting. Start building.,#motivation #mindset #discipline #success #selfimprovement #growth,No,
reel_150.mp4,The pain of regret hurts more than hard work.,#motivation #mindset #discipline #success #selfimprovement #growth,No,
reel_151.mp4,Become obsessed with improving yourself.,#motivation #mindset #discipline #success #selfimprovement #growth,No,
reel_152.mp4,Comfort is the enemy of growth.,#motivation #mindset #discipline #success #selfimprovement #growth,No,
reel_153.mp4,Discipline is freedom.,#motivation #mindset #discipline #success #selfimprovement #growth,No,
reel_154.mp4,Every expert was once a beginner.,#motivation #mindset #discipline #success #selfimprovement #growth,No,
reel_155.mp4,Hard days create strong people.,#motivation #mindset #discipline #success #selfimprovement #growth,No,
reel_156.mp4,Win in silence and let success make the noise.,#motivation #mindset #discipline #success #selfimprovement #growth,No,
reel_157.mp4,"Focus on progress, not perfection.",#motivation #mindset #discipline #success #selfimprovement #growth,No,
reel_158.mp4,Be stronger than your excuses.,#motivation #mindset #discipline #success #selfimprovement #growth,No,
reel_159.mp4,Your habits decide your future.,#motivation #mindset #discipline #success #selfimprovement #growth,No,
reel_160.mp4,"Success is earned, not given.",#motivation #mindset #discipline #success #selfimprovement #growth,No,
reel_161.mp4,Nobody is coming to save you. Build yourself.,#motivation #mindset #discipline #success #selfimprovement #growth,No,
reel_162.mp4,Discipline will take you where motivation can't.,#motivation #mindset #discipline #success #selfimprovement #growth,No,
reel_163.mp4,Small progress every day creates big results.,#motivation #mindset #discipline #success #selfimprovement #growth,No,
reel_164.mp4,Success starts when excuses end.,#motivation #mindset #discipline #success #selfimprovement #growth,No,
reel_165.mp4,Your future depends on what you do today.,#motivation #mindset #discipline #success #selfimprovement #growth,No,
reel_166.mp4,Stay focused. Stay hungry. Stay humble.,#motivation #mindset #discipline #success #selfimprovement #growth,No,
reel_167.mp4,"Dream big, work bigger.",#motivation #mindset #discipline #success #selfimprovement #growth,No,
reel_168.mp4,Consistency beats intensity.,#motivation #mindset #discipline #success #selfimprovement #growth,No,
reel_169.mp4,Stop waiting. Start building.,#motivation #mindset #discipline #success #selfimprovement #growth,No,
reel_170.mp4,The pain of regret hurts more than hard work.,#motivation #mindset #discipline #success #selfimprovement #growth,No,
reel_171.mp4,Become obsessed with improving yourself.,#motivation #mindset #discipline #success #selfimprovement #growth,No,
reel_172.mp4,Comfort is the enemy of growth.,#motivation #mindset #discipline #success #selfimprovement #growth,No,
reel_173.mp4,Discipline is freedom.,#motivation #mindset #discipline #success #selfimprovement #growth,No,
reel_174.mp4,Every expert was once a beginner.,#motivation #mindset #discipline #success #selfimprovement #growth,No,
reel_175.mp4,Hard days create strong people.,#motivation #mindset #discipline #success #selfimprovement #growth,No,
reel_176.mp4,Win in silence and let success make the noise.,#motivation #mindset #discipline #success #selfimprovement #growth,No,
reel_177.mp4,"Focus on progress, not perfection.",#motivation #mindset #discipline #success #selfimprovement #growth,No,
reel_178.mp4,Be stronger than your excuses.,#motivation #mindset #discipline #success #selfimprovement #growth,No,
reel_179.mp4,Your habits decide your future.,#motivation #mindset #discipline #success #selfimprovement #growth,No,
reel_180.mp4,"Success is earned, not given.",#motivation #mindset #discipline #success #selfimprovement #growth,No,
reel_181.mp4,Nobody is coming to save you. Build yourself.,#motivation #mindset #discipline #success #selfimprovement #growth,No,
reel_182.mp4,Discipline will take you where motivation can't.,#motivation #mindset #discipline #success #selfimprovement #growth,No,
reel_183.mp4,Small progress every day creates big results.,#motivation #mindset #discipline #success #selfimprovement #growth,No,
reel_184.mp4,Success starts when excuses end.,#motivation #mindset #discipline #success #selfimprovement #growth,No,
reel_185.mp4,Your future depends on what you do today.,#motivation #mindset #discipline #success #selfimprovement #growth,No,
reel_186.mp4,Stay focused. Stay hungry. Stay humble.,#motivation #mindset #discipline #success #selfimprovement #growth,No,
reel_187.mp4,"Dream big, work bigger.",#motivation #mindset #discipline #success #selfimprovement #growth,No,
reel_188.mp4,Consistency beats intensity.,#motivation #mindset #discipline #success #selfimprovement #growth,No,
reel_189.mp4,Stop waiting. Start building.,#motivation #mindset #discipline #success #selfimprovement #growth,No,
reel_190.mp4,The pain of regret hurts more than hard work.,#motivation #mindset #discipline #success #selfimprovement #growth,No,
reel_191.mp4,Become obsessed with improving yourself.,#motivation #mindset #discipline #success #selfimprovement #growth,No,
reel_192.mp4,Comfort is the enemy of growth.,#motivation #mindset #discipline #success #selfimprovement #growth,No,
reel_193.mp4,Discipline is freedom.,#motivation #mindset #discipline #success #selfimprovement #growth,No,
reel_194.mp4,Every expert was once a beginner.,#motivation #mindset #discipline #success #selfimprovement #growth,No,
reel_195.mp4,Hard days create strong people.,#motivation #mindset #discipline #success #selfimprovement #growth,No,
reel_196.mp4,Win in silence and let success make the noise.,#motivation #mindset #discipline #success #selfimprovement #growth,No,
reel_197.mp4,"Focus on progress, not perfection.",#motivation #mindset #discipline #success #selfimprovement #growth,No,
reel_198.mp4,Be stronger than your excuses.,#motivation #mindset #discipline #success #selfimprovement #growth,No,
reel_199.mp4,Your habits decide your future.,#motivation #mindset #discipline #success #selfimprovement #growth,No,
reel_200.mp4,"Success is earned, not given.",#motivation #mindset #discipline #success #selfimprovement #growth,No,
reel_201.mp4,Nobody is coming to save you. Build yourself.,#motivation #mindset #discipline #success #selfimprovement #growth,No,
reel_202.mp4,Discipline will take you where motivation can't.,#motivation #mindset #discipline #success #selfimprovement #growth,No,
reel_203.mp4,Small progress every day creates big results.,#motivation #mindset #discipline #success #selfimprovement #growth,No,
reel_204.mp4,Success starts when excuses end.,#motivation #mindset #discipline #success #selfimprovement #growth,No,
reel_205.mp4,Your future depends on what you do today.,#motivation #mindset #discipline #success #selfimprovement #growth,No,
reel_206.mp4,Stay focused. Stay hungry. Stay humble.,#motivation #mindset #discipline #success #selfimprovement #growth,No,
reel_207.mp4,"Dream big, work bigger.",#motivation #mindset #discipline #success #selfimprovement #growth,No,
reel_208.mp4,Consistency beats intensity.,#motivation #mindset #discipline #success #selfimprovement #growth,No,
reel_209.mp4,Stop waiting. Start building.,#motivation #mindset #discipline #success #selfimprovement #growth,No,
reel_210.mp4,The pain of regret hurts more than hard work.,#motivation #mindset #discipline #success #selfimprovement #growth,No,
reel_211.mp4,Become obsessed with improving yourself.,#motivation #mindset #discipline #success #selfimprovement #growth,No,
reel_212.mp4,Comfort is the enemy of growth.,#motivation #mindset #discipline #success #selfimprovement #growth,No,
reel_213.mp4,Discipline is freedom.,#motivation #mindset #discipline #success #selfimprovement #growth,No,
reel_214.mp4,Every expert was once a beginner.,#motivation #mindset #discipline #success #selfimprovement #growth,No,
reel_215.mp4,Hard days create strong people.,#motivation #mindset #discipline #success #selfimprovement #growth,No,
reel_216.mp4,Win in silence and let success make the noise.,#motivation #mindset #discipline #success #selfimprovement #growth,No,
reel_217.mp4,"Focus on progress, not perfection.",#motivation #mindset #discipline #success #selfimprovement #growth,No,
reel_218.mp4,Be stronger than your excuses.,#motivation #mindset #discipline #success #selfimprovement #growth,No,
reel_219.mp4,Your habits decide your future.,#motivation #mindset #discipline #success #selfimprovement #growth,No,
reel_220.mp4,"Success is earned, not given.",#motivation #mindset #discipline #success #selfimprovement #growth,No,
reel_221.mp4,Nobody is coming to save you. Build yourself.,#motivation #mindset #discipline #success #selfimprovement #growth,No,
reel_222.mp4,Discipline will take you where motivation can't.,#motivation #mindset #discipline #success #selfimprovement #growth,No,
reel_223.mp4,Small progress every day creates big results.,#motivation #mindset #discipline #success #selfimprovement #growth,No,
reel_224.mp4,Success starts when excuses end.,#motivation #mindset #discipline #success #selfimprovement #growth,No,
reel_225.mp4,Your future depends on what you do today.,#motivation #mindset #discipline #success #selfimprovement #growth,No,
reel_226.mp4,Stay focused. Stay hungry. Stay humble.,#motivation #mindset #discipline #success #selfimprovement #growth,No,
reel_227.mp4,"Dream big, work bigger.",#motivation #mindset #discipline #success #selfimprovement #growth,No,
reel_228.mp4,Consistency beats intensity.,#motivation #mindset #discipline #success #selfimprovement #growth,No,
reel_229.mp4,Stop waiting. Start building.,#motivation #mindset #discipline #success #selfimprovement #growth,No,
reel_230.mp4,The pain of regret hurts more than hard work.,#motivation #mindset #discipline #success #selfimprovement #growth,No,
reel_231.mp4,Become obsessed with improving yourself.,#motivation #mindset #discipline #success #selfimprovement #growth,No,
reel_232.mp4,Comfort is the enemy of growth.,#motivation #mindset #discipline #success #selfimprovement #growth,No,
reel_233.mp4,Discipline is freedom.,#motivation #mindset #discipline #success #selfimprovement #growth,No,
reel_234.mp4,Every expert was once a beginner.,#motivation #mindset #discipline #success #selfimprovement #growth,No,
reel_235.mp4,Hard days create strong people.,#motivation #mindset #discipline #success #selfimprovement #growth,No,
reel_236.mp4,Win in silence and let success make the noise.,#motivation #mindset #discipline #success #selfimprovement #growth,No,
reel_237.mp4,"Focus on progress, not perfection.",#motivation #mindset #discipline #success #selfimprovement #growth,No,
reel_238.mp4,Be stronger than your excuses.,#motivation #mindset #discipline #success #selfimprovement #growth,No,
reel_239.mp4,Your habits decide your future.,#motivation #mindset #discipline #success #selfimprovement #growth,No,
reel_240.mp4,"Success is earned, not given.",#motivation #mindset #discipline #success #selfimprovement #growth,No,
reel_241.mp4,Nobody is coming to save you. Build yourself.,#motivation #mindset #discipline #success #selfimprovement #growth,No,
reel_242.mp4,Discipline will take you where motivation can't.,#motivation #mindset #discipline #success #selfimprovement #growth,No,
reel_243.mp4,Small progress every day creates big results.,#motivation #mindset #discipline #success #selfimprovement #growth,No,
reel_244.mp4,Success starts when excuses end.,#motivation #mindset #discipline #success #selfimprovement #growth,No,
reel_245.mp4,Your future depends on what you do today.,#motivation #mindset #discipline #success #selfimprovement #growth,No,
reel_246.mp4,Stay focused. Stay hungry. Stay humble.,#motivation #mindset #discipline #success #selfimprovement #growth,No,
reel_247.mp4,"Dream big, work bigger.",#motivation #mindset #discipline #success #selfimprovement #growth,No,
reel_248.mp4,Consistency beats intensity.,#motivation #mindset #discipline #success #selfimprovement #growth,No,
reel_249.mp4,Stop waiting. Start building.,#motivation #mindset #discipline #success #selfimprovement #growth,No,
reel_250.mp4,The pain of regret hurts more than hard work.,#motivation #mindset #discipline #success #selfimprovement #growth,No,
reel_251.mp4,Become obsessed with improving yourself.,#motivation #mindset #discipline #success #selfimprovement #growth,No,
reel_252.mp4,Comfort is the enemy of growth.,#motivation #mindset #discipline #success #selfimprovement #growth,No,
reel_253.mp4,Discipline is freedom.,#motivation #mindset #discipline #success #selfimprovement #growth,No,
reel_254.mp4,Every expert was once a beginner.,#motivation #mindset #discipline #success #selfimprovement #growth,No,
reel_255.mp4,Hard days create strong people.,#motivation #mindset #discipline #success #selfimprovement #growth,No,
reel_256.mp4,Win in silence and let success make the noise.,#motivation #mindset #discipline #success #selfimprovement #growth,No,
reel_257.mp4,"Focus on progress, not perfection.",#motivation #mindset #discipline #success #selfimprovement #growth,No,
reel_258.mp4,Be stronger than your excuses.,#motivation #mindset #discipline #success #selfimprovement #growth,No,
reel_259.mp4,Your habits decide your future.,#motivation #mindset #discipline #success #selfimprovement #growth,No,
reel_260.mp4,"Success is earned, not given.",#motivation #mindset #discipline #success #selfimprovement #growth,No,
reel_261.mp4,Nobody is coming to save you. Build yourself.,#motivation #mindset #discipline #success #selfimprovement #growth,No,
reel_262.mp4,Discipline will take you where motivation can't.,#motivation #mindset #discipline #success #selfimprovement #growth,No,
reel_263.mp4,Small progress every day creates big results.,#motivation #mindset #discipline #success #selfimprovement #growth,No,
reel_264.mp4,Success starts when excuses end.,#motivation #mindset #discipline #success #selfimprovement #growth,No,
reel_265.mp4,Your future depends on what you do today.,#motivation #mindset #discipline #success #selfimprovement #growth,No,
reel_266.mp4,Stay focused. Stay hungry. Stay humble.,#motivation #mindset #discipline #success #selfimprovement #growth,No,
reel_267.mp4,"Dream big, work bigger.",#motivation #mindset #discipline #success #selfimprovement #growth,No,
reel_268.mp4,Consistency beats intensity.,#motivation #mindset #discipline #success #selfimprovement #growth,No,
reel_269.mp4,Stop waiting. Start building.,#motivation #mindset #discipline #success #selfimprovement #growth,No,
reel_270.mp4,The pain of regret hurts more than hard work.,#motivation #mindset #discipline #success #selfimprovement #growth,No,
reel_271.mp4,Become obsessed with improving yourself.,#motivation #mindset #discipline #success #selfimprovement #growth,No,
reel_272.mp4,Comfort is the enemy of growth.,#motivation #mindset #discipline #success #selfimprovement #growth,No,
reel_273.mp4,Discipline is freedom.,#motivation #mindset #discipline #success #selfimprovement #growth,No,
reel_274.mp4,Every expert was once a beginner.,#motivation #mindset #discipline #success #selfimprovement #growth,No,
reel_275.mp4,Hard days create strong people.,#motivation #mindset #discipline #success #selfimprovement #growth,No,
reel_276.mp4,Win in silence and let success make the noise.,#motivation #mindset #discipline #success #selfimprovement #growth,No,
reel_277.mp4,"Focus on progress, not perfection.",#motivation #mindset #discipline #success #selfimprovement #growth,No,
reel_278.mp4,Be stronger than your excuses.,#motivation #mindset #discipline #success #selfimprovement #growth,No,
reel_279.mp4,Your habits decide your future.,#motivation #mindset #discipline #success #selfimprovement #growth,No,
reel_280.mp4,"Success is earned, not given.",#motivation #mindset #discipline #success #selfimprovement #growth,No,
reel_281.mp4,Nobody is coming to save you. Build yourself.,#motivation #mindset #discipline #success #selfimprovement #growth,No,
reel_282.mp4,Discipline will take you where motivation can't.,#motivation #mindset #discipline #success #selfimprovement #growth,No,
reel_283.mp4,Small progress every day creates big results.,#motivation #mindset #discipline #success #selfimprovement #growth,No,
reel_284.mp4,Success starts when excuses end.,#motivation #mindset #discipline #success #selfimprovement #growth,No,
reel_285.mp4,Your future depends on what you do today.,#motivation #mindset #discipline #success #selfimprovement #growth,No,
reel_286.mp4,Stay focused. Stay hungry. Stay humble.,#motivation #mindset #discipline #success #selfimprovement #growth,No,
reel_287.mp4,"Dream big, work bigger.",#motivation #mindset #discipline #success #selfimprovement #growth,No,
reel_288.mp4,Consistency beats intensity.,#motivation #mindset #discipline #success #selfimprovement #growth,No,
reel_289.mp4,Stop waiting. Start building.,#motivation #mindset #discipline #success #selfimprovement #growth,No,
reel_290.mp4,The pain of regret hurts more than hard work.,#motivation #mindset #discipline #success #selfimprovement #growth,No,
reel_291.mp4,Become obsessed with improving yourself.,#motivation #mindset #discipline #success #selfimprovement #growth,No,
reel_292.mp4,Comfort is the enemy of growth.,#motivation #mindset #discipline #success #selfimprovement #growth,No,
reel_293.mp4,Discipline is freedom.,#motivation #mindset #discipline #success #selfimprovement #growth,No,
reel_294.mp4,Every expert was once a beginner.,#motivation #mindset #discipline #success #selfimprovement #growth,No,
reel_295.mp4,Hard days create strong people.,#motivation #mindset #discipline #success #selfimprovement #growth,No,
reel_296.mp4,Win in silence and let success make the noise.,#motivation #mindset #discipline #success #selfimprovement #growth,No,
reel_297.mp4,"Focus on progress, not perfection.",#motivation #mindset #discipline #success #selfimprovement #growth,No,
reel_298.mp4,Be stronger than your excuses.,#motivation #mindset #discipline #success #selfimprovement #growth,No,
reel_299.mp4,Your habits decide your future.,#motivation #mindset #discipline #success #selfimprovement #growth,No,
reel_300.mp4,"Success is earned, not given.",#motivation #mindset #discipline #success #selfimprovement #growth,No,
reel_301.mp4,Nobody is coming to save you. Build yourself.,#motivation #mindset #discipline #success #selfimprovement #growth,No,
reel_302.mp4,Discipline will take you where motivation can't.,#motivation #mindset #discipline #success #selfimprovement #growth,No,
reel_303.mp4,Small progress every day creates big results.,#motivation #mindset #discipline #success #selfimprovement #growth,No,
reel_304.mp4,Success starts when excuses end.,#motivation #mindset #discipline #success #selfimprovement #growth,No,
reel_305.mp4,Your future depends on what you do today.,#motivation #mindset #discipline #success #selfimprovement #growth,No,
reel_306.mp4,Stay focused. Stay hungry. Stay humble.,#motivation #mindset #discipline #success #selfimprovement #growth,No,
reel_307.mp4,"Dream big, work bigger.",#motivation #mindset #discipline #success #selfimprovement #growth,No,
reel_308.mp4,Consistency beats intensity.,#motivation #mindset #discipline #success #selfimprovement #growth,No,
reel_309.mp4,Stop waiting. Start building.,#motivation #mindset #discipline #success #selfimprovement #growth,No,
reel_310.mp4,The pain of regret hurts more than hard work.,#motivation #mindset #discipline #success #selfimprovement #growth,No,
reel_311.mp4,Become obsessed with improving yourself.,#motivation #mindset #discipline #success #selfimprovement #growth,No,
reel_312.mp4,Comfort is the enemy of growth.,#motivation #mindset #discipline #success #selfimprovement #growth,No,
reel_313.mp4,Discipline is freedom.,#motivation #mindset #discipline #success #selfimprovement #growth,No,
reel_314.mp4,Every expert was once a beginner.,#motivation #mindset #discipline #success #selfimprovement #growth,No,
reel_315.mp4,Hard days create strong people.,#motivation #mindset #discipline #success #selfimprovement #growth,No,
reel_316.mp4,Win in silence and let success make the noise.,#motivation #mindset #discipline #success #selfimprovement #growth,No,
reel_317.mp4,"Focus on progress, not perfection.",#motivation #mindset #discipline #success #selfimprovement #growth,No,
reel_318.mp4,Be stronger than your excuses.,#motivation #mindset #discipline #success #selfimprovement #growth,No,
reel_319.mp4,Your habits decide your future.,#motivation #mindset #discipline #success #selfimprovement #growth,No,
reel_320.mp4,"Success is earned, not given.",#motivation #mindset #discipline #success #selfimprovement #growth,No,
reel_321.mp4,Nobody is coming to save you. Build yourself.,#motivation #mindset #discipline #success #selfimprovement #growth,No,
reel_322.mp4,Discipline will take you where motivation can't.,#motivation #mindset #discipline #success #selfimprovement #growth,No,
reel_323.mp4,Small progress every day creates big results.,#motivation #mindset #discipline #success #selfimprovement #growth,No,
reel_324.mp4,Success starts when excuses end.,#motivation #mindset #discipline #success #selfimprovement #growth,No,
reel_325.mp4,Your future depends on what you do today.,#motivation #mindset #discipline #success #selfimprovement #growth,No,
reel_326.mp4,Stay focused. Stay hungry. Stay humble.,#motivation #mindset #discipline #success #selfimprovement #growth,No,
reel_327.mp4,"Dream big, work bigger.",#motivation #mindset #discipline #success #selfimprovement #growth,No,
reel_328.mp4,Consistency beats intensity.,#motivation #mindset #discipline #success #selfimprovement #growth,No,
reel_329.mp4,Stop waiting. Start building.,#motivation #mindset #discipline #success #selfimprovement #growth,No,
reel_330.mp4,The pain of regret hurts more than hard work.,#motivation #mindset #discipline #success #selfimprovement #growth,No,
reel_331.mp4,Become obsessed with improving yourself.,#motivation #mindset #discipline #success #selfimprovement #growth,No,
reel_332.mp4,Comfort is the enemy of growth.,#motivation #mindset #discipline #success #selfimprovement #growth,No,
reel_333.mp4,Discipline is freedom.,#motivation #mindset #discipline #success #selfimprovement #growth,No,
reel_334.mp4,Every expert was once a beginner.,#motivation #mindset #discipline #success #selfimprovement #growth,No,
reel_335.mp4,Hard days create strong people.,#motivation #mindset #discipline #success #selfimprovement #growth,No,
reel_336.mp4,Win in silence and let success make the noise.,#motivation #mindset #discipline #success #selfimprovement #growth,No,
reel_337.mp4,"Focus on progress, not perfection.",#motivation #mindset #discipline #success #selfimprovement #growth,No,
reel_338.mp4,Be stronger than your excuses.,#motivation #mindset #discipline #success #selfimprovement #growth,No,
reel_339.mp4,Your habits decide your future.,#motivation #mindset #discipline #success #selfimprovement #growth,No,
reel_340.mp4,"Success is earned, not given.",#motivation #mindset #discipline #success #selfimprovement #growth,No,
reel_341.mp4,Nobody is coming to save you. Build yourself.,#motivation #mindset #discipline #success #selfimprovement #growth,No,
reel_342.mp4,Discipline will take you where motivation can't.,#motivation #mindset #discipline #success #selfimprovement #growth,No,
reel_343.mp4,Small progress every day creates big results.,#motivation #mindset #discipline #success #selfimprovement #growth,No,
reel_344.mp4,Success starts when excuses end.,#motivation #mindset #discipline #success #selfimprovement #growth,No,
reel_345.mp4,Your future depends on what you do today.,#motivation #mindset #discipline #success #selfimprovement #growth,No,
reel_346.mp4,Stay focused. Stay hungry. Stay humble.,#motivation #mindset #discipline #success #selfimprovement #growth,No,
reel_347.mp4,"Dream big, work bigger.",#motivation #mindset #discipline #success #selfimprovement #growth,No,
reel_348.mp4,Consistency beats intensity.,#motivation #mindset #discipline #success #selfimprovement #growth,No,
reel_349.mp4,Stop waiting. Start building.,#motivation #mindset #discipline #success #selfimprovement #growth,No,
reel_350.mp4,The pain of regret hurts more than hard work.,#motivation #mindset #discipline #success #selfimprovement #growth,No,
reel_351.mp4,Become obsessed with improving yourself.,#motivation #mindset #discipline #success #selfimprovement #growth,No,
reel_352.mp4,Comfort is the enemy of growth.,#motivation #mindset #discipline #success #selfimprovement #growth,No,
reel_353.mp4,Discipline is freedom.,#motivation #mindset #discipline #success #selfimprovement #growth,No,
reel_354.mp4,Every expert was once a beginner.,#motivation #mindset #discipline #success #selfimprovement #growth,No,
reel_355.mp4,Hard days create strong people.,#motivation #mindset #discipline #success #selfimprovement #growth,No,
reel_356.mp4,Win in silence and let success make the noise.,#motivation #mindset #discipline #success #selfimprovement #growth,No,
reel_357.mp4,"Focus on progress, not perfection.",#motivation #mindset #discipline #success #selfimprovement #growth,No,
reel_358.mp4,Be stronger than your excuses.,#motivation #mindset #discipline #success #selfimprovement #growth,No,
reel_359.mp4,Your habits decide your future.,#motivation #mindset #discipline #success #selfimprovement #growth,No,
reel_360.mp4,"Success is earned, not given.",#motivation #mindset #discipline #success #selfimprovement #growth,No,
reel_361.mp4,Nobody is coming to save you. Build yourself.,#motivation #mindset #discipline #success #selfimprovement #growth,No,
reel_362.mp4,Discipline will take you where motivation can't.,#motivation #mindset #discipline #success #selfimprovement #growth,No,
reel_363.mp4,Small progress every day creates big results.,#motivation #mindset #discipline #success #selfimprovement #growth,No,
reel_364.mp4,Success starts when excuses end.,#motivation #mindset #discipline #success #selfimprovement #growth,No,
reel_365.mp4,Your future depends on what you do today.,#motivation #mindset #discipline #success #selfimprovement #growth,No,
reel_366.mp4,Stay focused. Stay hungry. Stay humble.,#motivation #mindset #discipline #success #selfimprovement #growth,No,
reel_367.mp4,"Dream big, work bigger.",#motivation #mindset #discipline #success #selfimprovement #growth,No,
reel_368.mp4,Consistency beats intensity.,#motivation #mindset #discipline #success #selfimprovement #growth,No,
reel_369.mp4,Stop waiting. Start building.,#motivation #mindset #discipline #success #selfimprovement #growth,No,
reel_370.mp4,The pain of regret hurts more than hard work.,#motivation #mindset #discipline #success #selfimprovement #growth,No,
reel_371.mp4,Become obsessed with improving yourself.,#motivation #mindset #discipline #success #selfimprovement #growth,No,
reel_372.mp4,Comfort is the enemy of growth.,#motivation #mindset #discipline #success #selfimprovement #growth,No,
reel_373.mp4,Discipline is freedom.,#motivation #mindset #discipline #success #selfimprovement #growth,No,
reel_374.mp4,Every expert was once a beginner.,#motivation #mindset #discipline #success #selfimprovement #growth,No,
reel_375.mp4,Hard days create strong people.,#motivation #mindset #discipline #success #selfimprovement #growth,No,
reel_376.mp4,Win in silence and let success make the noise.,#motivation #mindset #discipline #success #selfimprovement #growth,No,
reel_377.mp4,"Focus on progress, not perfection.",#motivation #mindset #discipline #success #selfimprovement #growth,No,
reel_378.mp4,Be stronger than your excuses.,#motivation #mindset #discipline #success #selfimprovement #growth,No,
reel_379.mp4,Your habits decide your future.,#motivation #mindset #discipline #success #selfimprovement #growth,No,
reel_380.mp4,"Success is earned, not given.",#motivation #mindset #discipline #success #selfimprovement #growth,No,
reel_381.mp4,Nobody is coming to save you. Build yourself.,#motivation #mindset #discipline #success #selfimprovement #growth,No,
reel_382.mp4,Discipline will take you where motivation can't.,#motivation #mindset #discipline #success #selfimprovement #growth,No,
reel_383.mp4,Small progress every day creates big results.,#motivation #mindset #discipline #success #selfimprovement #growth,No,
reel_384.mp4,Success starts when excuses end.,#motivation #mindset #discipline #success #selfimprovement #growth,No,
reel_385.mp4,Your future depends on what you do today.,#motivation #mindset #discipline #success #selfimprovement #growth,No,
reel_386.mp4,Stay focused. Stay hungry. Stay humble.,#motivation #mindset #discipline #success #selfimprovement #growth,No,
reel_387.mp4,"Dream big, work bigger.",#motivation #mindset #discipline #success #selfimprovement #growth,No,
reel_388.mp4,Consistency beats intensity.,#motivation #mindset #discipline #success #selfimprovement #growth,No,
reel_389.mp4,Stop waiting. Start building.,#motivation #mindset #discipline #success #selfimprovement #growth,No,
reel_390.mp4,The pain of regret hurts more than hard work.,#motivation #mindset #discipline #success #selfimprovement #growth,No,
reel_391.mp4,Become obsessed with improving yourself.,#motivation #mindset #discipline #success #selfimprovement #growth,No,
reel_392.mp4,Comfort is the enemy of growth.,#motivation #mindset #discipline #success #selfimprovement #growth,No,
reel_393.mp4,Discipline is freedom.,#motivation #mindset #discipline #success #selfimprovement #growth,No,
reel_394.mp4,Every expert was once a beginner.,#motivation #mindset #discipline #success #selfimprovement #growth,No,
reel_395.mp4,Hard days create strong people.,#motivation #mindset #discipline #success #selfimprovement #growth,No,
reel_396.mp4,Win in silence and let success make the noise.,#motivation #mindset #discipline #success #selfimprovement #growth,No,
reel_397.mp4,"Focus on progress, not perfection.",#motivation #mindset #discipline #success #selfimprovement #growth,No,
reel_398.mp4,Be stronger than your excuses.,#motivation #mindset #discipline #success #selfimprovement #growth,No,
reel_399.mp4,Your habits decide your future.,#motivation #mindset #discipline #success #selfimprovement #growth,No,
reel_400.mp4,"Success is earned, not given.",#motivation #mindset #discipline #success #selfimprovement #growth,No,
reel_401.mp4,Nobody is coming to save you. Build yourself.,#motivation #mindset #discipline #success #selfimprovement #growth,No,
reel_402.mp4,Discipline will take you where motivation can't.,#motivation #mindset #discipline #success #selfimprovement #growth,No,
reel_403.mp4,Small progress every day creates big results.,#motivation #mindset #discipline #success #selfimprovement #growth,No,
reel_404.mp4,Success starts when excuses end.,#motivation #mindset #discipline #success #selfimprovement #growth,No,
reel_405.mp4,Your future depends on what you do today.,#motivation #mindset #discipline #success #selfimprovement #growth,No,
reel_406.mp4,Stay focused. Stay hungry. Stay humble.,#motivation #mindset #discipline #success #selfimprovement #growth,No,
reel_407.mp4,"Dream big, work bigger.",#motivation #mindset #discipline #success #selfimprovement #growth,No,
reel_408.mp4,Consistency beats intensity.,#motivation #mindset #discipline #success #selfimprovement #growth,No,
reel_409.mp4,Stop waiting. Start building.,#motivation #mindset #discipline #success #selfimprovement #growth,No,
reel_410.mp4,The pain of regret hurts more than hard work.,#motivation #mindset #discipline #success #selfimprovement #growth,No,
reel_411.mp4,Become obsessed with improving yourself.,#motivation #mindset #discipline #success #selfimprovement #growth,No,
reel_412.mp4,Comfort is the enemy of growth.,#motivation #mindset #discipline #success #selfimprovement #growth,No,
reel_413.mp4,Discipline is freedom.,#motivation #mindset #discipline #success #selfimprovement #growth,No,
reel_414.mp4,Every expert was once a beginner.,#motivation #mindset #discipline #success #selfimprovement #growth,No,
reel_415.mp4,Hard days create strong people.,#motivation #mindset #discipline #success #selfimprovement #growth,No,
reel_416.mp4,Win in silence and let success make the noise.,#motivation #mindset #discipline #success #selfimprovement #growth,No,
reel_417.mp4,"Focus on progress, not perfection.",#motivation #mindset #discipline #success #selfimprovement #growth,No,
reel_418.mp4,Be stronger than your excuses.,#motivation #mindset #discipline #success #selfimprovement #growth,No,
reel_419.mp4,Your habits decide your future.,#motivation #mindset #discipline #success #selfimprovement #growth,No,
reel_420.mp4,"Success is earned, not given.",#motivation #mindset #discipline #success #selfimprovement #growth,No,
reel_421.mp4,Nobody is coming to save you. Build yourself.,#motivation #mindset #discipline #success #selfimprovement #growth,No,
reel_422.mp4,Discipline will take you where motivation can't.,#motivation #mindset #discipline #success #selfimprovement #growth,No,
reel_423.mp4,Small progress every day creates big results.,#motivation #mindset #discipline #success #selfimprovement #growth,No,
reel_424.mp4,Success starts when excuses end.,#motivation #mindset #discipline #success #selfimprovement #growth,No,
reel_425.mp4,Your future depends on what you do today.,#motivation #mindset #discipline #success #selfimprovement #growth,No,
reel_426.mp4,Stay focused. Stay hungry. Stay humble.,#motivation #mindset #discipline #success #selfimprovement #growth,No,
reel_427.mp4,"Dream big, work bigger.",#motivation #mindset #discipline #success #selfimprovement #growth,No,
reel_428.mp4,Consistency beats intensity.,#motivation #mindset #discipline #success #selfimprovement #growth,No,
reel_429.mp4,Stop waiting. Start building.,#motivation #mindset #discipline #success #selfimprovement #growth,No,
reel_430.mp4,The pain of regret hurts more than hard work.,#motivation #mindset #discipline #success #selfimprovement #growth,No,
reel_431.mp4,Become obsessed with improving yourself.,#motivation #mindset #discipline #success #selfimprovement #growth,No,
reel_432.mp4,Comfort is the enemy of growth.,#motivation #mindset #discipline #success #selfimprovement #growth,No,
reel_433.mp4,Discipline is freedom.,#motivation #mindset #discipline #success #selfimprovement #growth,No,
reel_434.mp4,Every expert was once a beginner.,#motivation #mindset #discipline #success #selfimprovement #growth,No,
reel_435.mp4,Hard days create strong people.,#motivation #mindset #discipline #success #selfimprovement #growth,No,
reel_436.mp4,Win in silence and let success make the noise.,#motivation #mindset #discipline #success #selfimprovement #growth,No,
reel_437.mp4,"Focus on progress, not perfection.",#motivation #mindset #discipline #success #selfimprovement #growth,No,
reel_438.mp4,Be stronger than your excuses.,#motivation #mindset #discipline #success #selfimprovement #growth,No,
reel_439.mp4,Your habits decide your future.,#motivation #mindset #discipline #success #selfimprovement #growth,No,
reel_440.mp4,"Success is earned, not given.",#motivation #mindset #discipline #success #selfimprovement #growth,No,
reel_441.mp4,Nobody is coming to save you. Build yourself.,#motivation #mindset #discipline #success #selfimprovement #growth,No,
reel_442.mp4,Discipline will take you where motivation can't.,#motivation #mindset #discipline #success #selfimprovement #growth,No,
reel_443.mp4,Small progress every day creates big results.,#motivation #mindset #discipline #success #selfimprovement #growth,No,
reel_444.mp4,Success starts when excuses end.,#motivation #mindset #discipline #success #selfimprovement #growth,No,
reel_445.mp4,Your future depends on what you do today.,#motivation #mindset #discipline #success #selfimprovement #growth,No,
reel_446.mp4,Stay focused. Stay hungry. Stay humble.,#motivation #mindset #discipline #success #selfimprovement #growth,No,
reel_447.mp4,"Dream big, work bigger.",#motivation #mindset #discipline #success #selfimprovement #growth,No,
reel_448.mp4,Consistency beats intensity.,#motivation #mindset #discipline #success #selfimprovement #growth,No,
reel_449.mp4,Stop waiting. Start building.,#motivation #mindset #discipline #success #selfimprovement #growth,No,
reel_450.mp4,The pain of regret hurts more than hard work.,#motivation #mindset #discipline #success #selfimprovement #growth,No,
reel_451.mp4,Become obsessed with improving yourself.,#motivation #mindset #discipline #success #selfimprovement #growth,No,
reel_452.mp4,Comfort is the enemy of growth.,#motivation #mindset #discipline #success #selfimprovement #growth,No,
reel_453.mp4,Discipline is freedom.,#motivation #mindset #discipline #success #selfimprovement #growth,No,
reel_454.mp4,Every expert was once a beginner.,#motivation #mindset #discipline #success #selfimprovement #growth,No,
reel_455.mp4,Hard days create strong people.,#motivation #mindset #discipline #success #selfimprovement #growth,No,
reel_456.mp4,Win in silence and let success make the noise.,#motivation #mindset #discipline #success #selfimprovement #growth,No,
reel_457.mp4,"Focus on progress, not perfection.",#motivation #mindset #discipline #success #selfimprovement #growth,No,
reel_458.mp4,Be stronger than your excuses.,#motivation #mindset #discipline #success #selfimprovement #growth,No,
reel_459.mp4,Your habits decide your future.,#motivation #mindset #discipline #success #selfimprovement #growth,No,
reel_460.mp4,"Success is earned, not given.",#motivation #mindset #discipline #success #selfimprovement #growth,No,
reel_461.mp4,Nobody is coming to save you. Build yourself.,#motivation #mindset #discipline #success #selfimprovement #growth,No,
reel_462.mp4,Discipline will take you where motivation can't.,#motivation #mindset #discipline #success #selfimprovement #growth,No,
reel_463.mp4,Small progress every day creates big results.,#motivation #mindset #discipline #success #selfimprovement #growth,No,
reel_464.mp4,Success starts when excuses end.,#motivation #mindset #discipline #success #selfimprovement #growth,No,
reel_465.mp4,Your future depends on what you do today.,#motivation #mindset #discipline #success #selfimprovement #growth,No,
reel_466.mp4,Stay focused. Stay hungry. Stay humble.,#motivation #mindset #discipline #success #selfimprovement #growth,No,
reel_467.mp4,"Dream big, work bigger.",#motivation #mindset #discipline #success #selfimprovement #growth,No,
reel_468.mp4,Consistency beats intensity.,#motivation #mindset #discipline #success #selfimprovement #growth,No,
reel_469.mp4,Stop waiting. Start building.,#motivation #mindset #discipline #success #selfimprovement #growth,No,
reel_470.mp4,The pain of regret hurts more than hard work.,#motivation #mindset #discipline #success #selfimprovement #growth,No,
reel_471.mp4,Become obsessed with improving yourself.,#motivation #mindset #discipline #success #selfimprovement #growth,No,
reel_472.mp4,Comfort is the enemy of growth.,#motivation #mindset #discipline #success #selfimprovement #growth,No,
reel_473.mp4,Discipline is freedom.,#motivation #mindset #discipline #success #selfimprovement #growth,No,
reel_474.mp4,Every expert was once a beginner.,#motivation #mindset #discipline #success #selfimprovement #growth,No,
reel_475.mp4,Hard days create strong people.,#motivation #mindset #discipline #success #selfimprovement #growth,No,
reel_476.mp4,Win in silence and let success make the noise.,#motivation #mindset #discipline #success #selfimprovement #growth,No,
reel_477.mp4,"Focus on progress, not perfection.",#motivation #mindset #discipline #success #selfimprovement #growth,No,
reel_478.mp4,Be stronger than your excuses.,#motivation #mindset #discipline #success #selfimprovement #growth,No,
reel_479.mp4,Your habits decide your future.,#motivation #mindset #discipline #success #selfimprovement #growth,No,
reel_480.mp4,"Success is earned, not given.",#motivation #mindset #discipline #success #selfimprovement #growth,No,
reel_481.mp4,Nobody is coming to save you. Build yourself.,#motivation #mindset #discipline #success #selfimprovement #growth,No,
reel_482.mp4,Discipline will take you where motivation can't.,#motivation #mindset #discipline #success #selfimprovement #growth,No,
reel_483.mp4,Small progress every day creates big results.,#motivation #mindset #discipline #success #selfimprovement #growth,No,
reel_484.mp4,Success starts when excuses end.,#motivation #mindset #discipline #success #selfimprovement #growth,No,
reel_485.mp4,Your future depends on what you do today.,#motivation #mindset #discipline #success #selfimprovement #growth,No,
reel_486.mp4,Stay focused. Stay hungry. Stay humble.,#motivation #mindset #discipline #success #selfimprovement #growth,No,
reel_487.mp4,"Dream big, work bigger.",#motivation #mindset #discipline #success #selfimprovement #growth,No,
reel_488.mp4,Consistency beats intensity.,#motivation #mindset #discipline #success #selfimprovement #growth,No,
reel_489.mp4,Stop waiting. Start building.,#motivation #mindset #discipline #success #selfimprovement #growth,No,
reel_490.mp4,The pain of regret hurts more than hard work.,#motivation #mindset #discipline #success #selfimprovement #growth,No,
reel_491.mp4,Become obsessed with improving yourself.,#motivation #mindset #discipline #success #selfimprovement #growth,No,
reel_492.mp4,Comfort is the enemy of growth.,#motivation #mindset #discipline #success #selfimprovement #growth,No,
reel_493.mp4,Discipline is freedom.,#motivation #mindset #discipline #success #selfimprovement #growth,No,
reel_494.mp4,Every expert was once a beginner.,#motivation #mindset #discipline #success #selfimprovement #growth,No,
reel_495.mp4,Hard days create strong people.,#motivation #mindset #discipline #success #selfimprovement #growth,No,
reel_496.mp4,Win in silence and let success make the noise.,#motivation #mindset #discipline #success #selfimprovement #growth,No,
reel_497.mp4,"Focus on progress, not perfection.",#motivation #mindset #discipline #success #selfimprovement #growth,No,
reel_498.mp4,Be stronger than your excuses.,#motivation #mindset #discipline #success #selfimprovement #growth,No,
reel_499.mp4,Your habits decide your future.,#motivation #mindset #discipline #success #selfimprovement #growth,No,
reel_500.mp4,"Success is earned, not given.",#motivation #mindset #discipline #success #selfimprovement #growth,No,
reel_501.mp4,Nobody is coming to save you. Build yourself.,#motivation #mindset #discipline #success #selfimprovement #growth,No,
reel_502.mp4,Discipline will take you where motivation can't.,#motivation #mindset #discipline #success #selfimprovement #growth,No,
reel_503.mp4,Small progress every day creates big results.,#motivation #mindset #discipline #success #selfimprovement #growth,No,
reel_504.mp4,Success starts when excuses end.,#motivation #mindset #discipline #success #selfimprovement #growth,No,
reel_505.mp4,Your future depends on what you do today.,#motivation #mindset #discipline #success #selfimprovement #growth,No,
reel_506.mp4,Stay focused. Stay hungry. Stay humble.,#motivation #mindset #discipline #success #selfimprovement #growth,No,
reel_507.mp4,"Dream big, work bigger.",#motivation #mindset #discipline #success #selfimprovement #growth,No,
